City_ID,City,Lat,Lng,Max Temp,Humidity,Cloudiness,Wind Speed,Country,Date
0,Thompson,55.7435,-97.8558,64.56,63,20,2.3,CA,2022-09-16 00:21:18
1,Toora-Khem,52.4675,96.11,40.32,92,99,4.7,RU,2022-09-16 00:21:18
2,Porto Walter,-8.2686,-72.7439,65.14,98,100,6.82,BR,2022-09-16 00:21:19
3,Yulara,-25.2406,130.9889,65.12,26,24,8.81,AU,2022-09-16 00:21:19
4,Sanmenxia,34.7747,111.1814,70.92,61,2,4.88,CN,2022-09-16 00:21:19
5,Pevek,69.7008,170.3133,36.45,83,99,4.25,RU,2022-09-16 00:21:20
6,Muros,42.7762,-9.0603,68.09,89,8,7.07,ES,2022-09-16 00:21:20
7,Port Alfred,-33.5906,26.891,60.19,97,71,3.87,ZA,2022-09-16 00:21:20
8,Grand Gaube,-20.0064,57.6608,70.38,68,7,7.0,MU,2022-09-16 00:21:20
9,Atuona,-9.8,-139.0333,76.75,69,8,16.69,PF,2022-09-16 00:21:21
10,Vaini,-21.2,-175.2,80.76,78,75,9.22,TO,2022-09-16 00:21:21
11,Alyangula,-13.8483,136.4192,81.9,74,9,10.78,AU,2022-09-16 00:21:21
12,Cape Town,-33.9258,18.4232,61.38,89,100,2.3,ZA,2022-09-16 00:21:04
13,Arraial Do Cabo,-22.9661,-42.0278,66.34,91,100,8.3,BR,2022-09-16 00:18:48
14,Brae,60.3964,-1.353,49.23,68,100,27.45,GB,2022-09-16 00:21:22
15,Chokurdakh,70.6333,147.9167,37.09,92,100,6.67,RU,2022-09-16 00:21:22
16,Ilawa,53.596,19.5685,54.86,73,12,12.15,PL,2022-09-16 00:21:22
17,Port Blair,11.6667,92.75,77.04,88,75,4.61,IN,2022-09-16 00:21:22
18,Durban,-29.8579,31.0292,70.72,91,51,5.99,ZA,2022-09-16 00:21:23
19,Faanui,-16.4833,-151.75,77.58,76,20,23.87,PF,2022-09-16 00:21:23
20,Doha,25.2867,51.5333,93.18,55,0,8.05,QA,2022-09-16 00:19:13
21,Bethel,41.3712,-73.414,64.49,70,0,3.44,US,2022-09-16 00:21:10
22,Broken Hill,-31.95,141.4333,57.88,53,36,21.09,AU,2022-09-16 00:21:24
23,Rikitea,-23.1203,-134.9692,72.03,73,18,10.49,PF,2022-09-16 00:21:25
24,Saskylakh,71.9167,114.0833,30.15,85,94,7.9,RU,2022-09-16 00:21:25
25,Maragogi,-9.0122,-35.2225,72.86,76,23,7.56,BR,2022-09-16 00:21:25
26,Vardo,70.3705,31.1107,48.18,87,100,23.02,NO,2022-09-16 00:21:26
27,Tual,-5.6667,132.75,81.88,78,22,11.95,ID,2022-09-16 00:21:26
28,Port Elizabeth,-33.918,25.5701,61.32,99,100,6.91,ZA,2022-09-16 00:21:26
29,Visby,57.6409,18.296,55.62,76,100,16.11,SE,2022-09-16 00:21:27
30,Jamestown,42.097,-79.2353,56.84,64,0,5.75,US,2022-09-16 00:19:30
31,Asau,46.4333,26.4,65.32,67,97,11.99,RO,2022-09-16 00:21:27
32,Dikson,73.5069,80.5464,37.13,70,100,18.75,RU,2022-09-16 00:21:27
33,Butaritari,3.0707,172.7902,82.24,71,14,14.88,KI,2022-09-16 00:21:28
34,Yenagoa,4.9247,6.2642,74.08,95,100,4.05,NG,2022-09-16 00:21:28
35,Laguna,38.421,-121.4238,81.45,40,0,4.61,US,2022-09-16 00:21:28
36,Ribeira Grande,38.5167,-28.7,73.67,91,100,15.88,PT,2022-09-16 00:21:29
37,Mersing,2.4312,103.8405,75.11,94,40,0.0,MY,2022-09-16 00:21:29
38,Korla,41.7597,86.1469,64.49,28,0,5.55,CN,2022-09-16 00:19:11
39,Kungurtug,50.5994,97.5228,39.31,99,100,2.64,RU,2022-09-16 00:21:29
40,Tshikapa,-6.4167,20.8,75.18,80,100,0.98,CD,2022-09-16 00:21:29
41,Puerto Ayora,-0.7393,-90.3518,65.55,92,73,1.01,EC,2022-09-16 00:18:38
42,Three Hills,51.7001,-113.2686,71.67,43,2,13.8,CA,2022-09-16 00:21:15
43,Saurimo,-9.6608,20.3916,69.04,66,100,2.26,AO,2022-09-16 00:21:30
44,Hambantota,6.1241,81.1185,76.71,88,17,11.01,LK,2022-09-16 00:21:30
45,Mataura,-46.1927,168.8643,46.47,58,97,4.61,NZ,2022-09-16 00:21:31
46,Tuktoyaktuk,69.4541,-133.0374,35.6,93,100,9.22,CA,2022-09-16 00:22:31
47,Frontera,26.9333,-101.45,87.55,45,40,9.22,MX,2022-09-16 00:22:31
48,Milkovo,54.7167,158.6167,47.71,59,100,4.32,RU,2022-09-16 00:22:32
49,Torbay,47.6666,-52.7314,59.58,88,0,12.66,CA,2022-09-16 00:22:32
50,Santa Cruz De Tenerife,28.4682,-16.2546,75.88,95,100,27.63,ES,2022-09-16 00:22:32
51,Kapaa,22.0752,-159.319,85.19,68,20,9.22,US,2022-09-16 00:22:32
52,Norman Wells,65.282,-126.8329,51.84,76,75,0.0,CA,2022-09-16 00:22:33
53,Hasaki,35.7333,140.8333,79.29,65,100,6.15,JP,2022-09-16 00:22:33
54,Rio Grande,-32.035,-52.0986,57.94,89,0,8.99,BR,2022-09-16 00:21:22
55,Gillette,44.2911,-105.5022,58.05,91,100,6.91,US,2022-09-16 00:19:32
56,Katsuura,35.1333,140.3,78.28,58,94,10.47,JP,2022-09-16 00:22:33
57,Kaitangata,-46.2817,169.8464,47.14,63,94,6.64,NZ,2022-09-16 00:22:34
58,Bluff,-46.6,168.3333,46.8,56,87,8.28,NZ,2022-09-16 00:22:34
59,Haines Junction,60.7522,-137.5108,55.35,44,76,10.36,CA,2022-09-16 00:22:34
60,Albany,42.6001,-73.9662,59.92,59,30,5.01,US,2022-09-16 00:22:35
61,Nikolskoye,59.7035,30.7861,53.49,95,87,8.28,RU,2022-09-16 00:22:35
62,Deputatskiy,69.3,139.9,28.87,85,46,0.78,RU,2022-09-16 00:22:35
63,Mountain Home,43.133,-115.6912,74.68,35,75,5.75,US,2022-09-16 00:20:32
64,Ratnagiri,16.9833,73.3,78.51,88,100,14.85,IN,2022-09-16 00:22:36
65,Hithadhoo,-0.6,73.0833,80.78,66,12,2.15,MV,2022-09-16 00:22:36
66,Ushuaia,-54.8,-68.3,35.26,87,40,26.46,AR,2022-09-16 00:22:36
67,Mecca,21.4267,39.8261,87.48,36,5,4.21,SA,2022-09-16 00:22:36
68,Chuy,-33.6971,-53.4616,53.49,94,8,6.46,UY,2022-09-16 00:22:37
69,Isangel,-19.55,169.2667,75.22,72,96,14.03,VU,2022-09-16 00:22:37
70,Ancud,-41.8697,-73.8203,41.23,86,100,3.78,CL,2022-09-16 00:18:43
71,Cidreira,-30.1811,-50.2056,60.67,84,40,11.5,BR,2022-09-16 00:22:37
72,Punta Arenas,-53.15,-70.9167,37.51,65,0,14.97,CL,2022-09-16 00:22:38
73,Bhadrachalam,17.6667,80.8833,74.68,93,68,2.48,IN,2022-09-16 00:22:38
74,Upernavik,72.7868,-56.1549,38.75,97,100,19.82,GL,2022-09-16 00:22:38
75,Alihe,50.5667,123.7167,52.03,68,98,2.39,CN,2022-09-16 00:22:38
76,Svetlyy,54.675,20.1347,53.65,74,14,21.63,RU,2022-09-16 00:22:39
77,Busselton,-33.65,115.3333,57.36,67,63,9.31,AU,2022-09-16 00:22:39
78,Lewistown,40.5992,-77.5714,65.19,90,0,0.0,US,2022-09-16 00:22:40
79,Pirenopolis,-15.8525,-48.9592,79.29,26,77,3.06,BR,2022-09-16 00:22:40
80,Provideniya,64.3833,-173.3,51.91,76,100,11.18,RU,2022-09-16 00:22:40
81,Den Helder,52.9599,4.7593,57.18,76,75,11.01,NL,2022-09-16 00:22:41
82,Qaanaaq,77.484,-69.3632,30.97,94,100,7.25,GL,2022-09-16 00:22:41
83,Lac Du Bonnet,50.2536,-96.0612,60.37,70,96,10.27,CA,2022-09-16 00:22:41
84,Dingle,10.9995,122.6711,76.05,94,100,7.67,PH,2022-09-16 00:22:41
85,Hermanus,-34.4187,19.2345,56.8,90,68,4.92,ZA,2022-09-16 00:22:42
86,Camana,-16.6228,-72.7111,61.72,80,4,5.7,PE,2022-09-16 00:22:42
87,Barrow,71.2906,-156.7887,35.62,93,100,29.93,US,2022-09-16 00:20:42
88,Castro,-24.7911,-50.0119,52.83,97,100,5.57,BR,2022-09-16 00:22:42
89,Yellowknife,62.456,-114.3525,66.72,48,20,9.22,CA,2022-09-16 00:22:27
90,Saint George,37.1041,-113.5841,89.64,33,0,5.75,US,2022-09-16 00:22:43
91,Tura,25.5198,90.2201,72.39,99,100,4.99,IN,2022-09-16 00:22:43
92,Progreso,21.2833,-89.6667,76.1,87,85,15.17,MX,2022-09-16 00:23:44
93,Kununurra,-15.7667,128.7333,91.38,29,3,8.05,AU,2022-09-16 00:23:44
94,Flinders,-34.5833,150.8552,68.18,57,69,11.99,AU,2022-09-16 00:23:44
95,Henties Bay,-22.116,14.2845,57.85,95,72,8.48,NA,2022-09-16 00:23:44
96,Husavik,66.0449,-17.3389,43.09,67,85,5.66,IS,2022-09-16 00:23:45
97,Soto La Marina,23.7667,-98.2167,80.78,73,19,9.33,MX,2022-09-16 00:23:45
98,Bilma,18.6853,12.9164,95.32,16,68,5.91,NE,2022-09-16 00:23:45
99,New Norfolk,-42.7826,147.0587,53.92,89,91,2.44,AU,2022-09-16 00:23:46
100,Impfondo,1.6381,18.0667,71.01,81,72,2.17,CG,2022-09-16 00:23:46
101,Lorengau,-2.0226,147.2712,84.38,64,95,11.86,PG,2022-09-16 00:23:46
102,Plettenberg Bay,-34.0527,23.3716,58.41,77,85,3.58,ZA,2022-09-16 00:23:46
103,Kaniv,49.7518,31.46,57.85,97,94,6.42,UA,2022-09-16 00:23:47
104,Havre-Saint-Pierre,50.2334,-63.5986,51.8,93,100,4.61,CA,2022-09-16 00:23:47
105,Bratsk,56.1325,101.6142,34.29,80,26,3.94,RU,2022-09-16 00:23:47
106,Sibolga,1.7427,98.7792,76.15,84,95,2.73,ID,2022-09-16 00:23:47
107,Te Anau,-45.4167,167.7167,46.18,73,83,2.3,NZ,2022-09-16 00:23:48
108,Roblin,51.23,-101.3565,62.2,49,8,10.51,CA,2022-09-16 00:23:48
109,Loreto,22.2667,-101.9667,69.98,54,63,18.37,MX,2022-09-16 00:21:37
110,Mar Del Plata,-38.0023,-57.5575,55.09,93,0,25.01,AR,2022-09-16 00:21:42
111,Hamilton,39.1834,-84.5333,75.78,75,0,3.44,US,2022-09-16 00:23:49
112,San Andres,12.5847,-81.7006,82.42,78,75,5.75,CO,2022-09-16 00:23:49
113,Tiksi,71.6872,128.8694,36.61,73,100,17.67,RU,2022-09-16 00:23:49
114,Constitucion,-35.3333,-72.4167,53.47,86,100,4.56,CL,2022-09-16 00:23:50
115,Methoni,36.8197,21.7049,74.21,69,1,10.56,GR,2022-09-16 00:23:51
116,Rancagua,-34.1708,-70.7444,57.4,70,100,1.48,CL,2022-09-16 00:23:51
117,Vanimo,-2.6741,141.3028,83.5,72,63,7.2,PG,2022-09-16 00:23:51
118,Pithiviers,48.1667,2.25,59.95,81,52,6.04,FR,2022-09-16 00:23:51
119,Chase,50.8165,-119.6857,72.32,47,71,2.06,CA,2022-09-16 00:23:52
120,Narsaq,60.9167,-46.05,52.02,80,100,5.73,GL,2022-09-16 00:23:52
121,Arawa,-6.2132,155.5367,84.43,69,57,4.74,PG,2022-09-16 00:23:52
122,Port Hardy,50.6996,-127.4199,59.18,67,75,3.44,CA,2022-09-16 00:23:52
123,Severo-Kurilsk,50.6789,156.125,52.36,76,30,13.15,RU,2022-09-16 00:23:53
124,Sao Caetano De Odivelas,-0.75,-48.02,78.73,79,76,9.13,BR,2022-09-16 00:23:53
125,Wageningen,51.9667,5.6667,54.97,95,63,6.93,NL,2022-09-16 00:23:54
126,Hobart,-42.8794,147.3294,53.46,93,75,5.75,AU,2022-09-16 00:20:17
127,Esmeraldas,-19.7625,-44.3139,75.51,50,64,11.32,BR,2022-09-16 00:21:20
128,Pierreville,46.0703,-72.8112,58.77,51,19,12.66,CA,2022-09-16 00:23:55
129,Hofn,64.2539,-15.2082,45.45,63,20,6.51,IS,2022-09-16 00:23:55
130,Ust-Ishim,57.6935,71.1665,46.09,76,66,3.71,RU,2022-09-16 00:23:55
131,Lodja,-3.4833,23.4333,68.14,98,58,0.63,CD,2022-09-16 00:23:56
132,Bathsheba,13.2167,-59.5167,79.41,89,20,3.44,BB,2022-09-16 00:23:56
133,Kolyvan,55.3053,82.7391,33.42,83,40,3.8,RU,2022-09-16 00:23:56
134,Auki,-8.7676,160.7034,86.23,53,21,1.79,SB,2022-09-16 00:23:56
135,Jining,35.405,116.5814,70.21,82,9,10.13,CN,2022-09-16 00:19:12
136,Sivas,39.7916,37.0019,52.43,57,0,3.44,TR,2022-09-16 00:23:57
137,Esperance,-33.8667,121.9,55.08,68,99,24.74,AU,2022-09-16 00:24:57
138,Tasiilaq,65.6145,-37.6368,39.36,87,84,2.57,GL,2022-09-16 00:24:57
139,Leningradskiy,69.3833,178.4167,35.31,98,100,5.41,RU,2022-09-16 00:24:58
140,Antofagasta,-23.65,-70.4,56.48,78,9,1.83,CL,2022-09-16 00:23:37
141,Jacala,21.0167,-99.1833,61.0,99,96,2.39,MX,2022-09-16 00:24:58
142,Makarov,48.6333,142.8,56.35,60,7,4.72,RU,2022-09-16 00:24:58
143,Mae Ramat,16.984,98.5166,75.52,99,100,1.86,TH,2022-09-16 00:24:59
144,Sitka,57.0531,-135.33,58.89,67,40,8.05,US,2022-09-16 00:24:59
145,Palaia Fokaia,37.72,23.9463,76.75,74,1,5.82,GR,2022-09-16 00:25:00
146,Khatanga,71.9667,102.5,32.74,99,100,7.34,RU,2022-09-16 00:25:00
147,Daru,-9.0763,143.2092,81.54,81,60,16.26,PG,2022-09-16 00:25:00
148,Humaita,-7.5061,-63.0208,75.9,83,63,4.61,BR,2022-09-16 00:25:01
149,Prince Rupert,54.3161,-130.3201,55.09,100,100,3.44,CA,2022-09-16 00:23:17
150,Airai,-8.9266,125.4092,71.33,42,98,2.26,TL,2022-09-16 00:25:01
151,Victoria,22.2855,114.1577,88.32,70,34,1.01,HK,2022-09-16 00:20:03
152,Iqaluit,63.7506,-68.5145,42.53,93,75,9.22,CA,2022-09-16 00:25:02
153,Peniche,39.3558,-9.3811,69.12,94,45,6.78,PT,2022-09-16 00:25:02
154,Namatanai,-3.6667,152.4333,82.53,73,90,11.48,PG,2022-09-16 00:25:02
155,Shingu,33.7333,135.9833,79.18,65,91,13.62,JP,2022-09-16 00:25:03
156,Waingapu,-9.6567,120.2641,81.46,50,23,2.82,ID,2022-09-16 00:25:03
157,Rafaela,-31.2503,-61.4867,59.99,36,0,1.01,AR,2022-09-16 00:25:03
158,Tuatapere,-46.1333,167.6833,48.27,60,80,5.08,NZ,2022-09-16 00:25:03
159,Puerto Quijarro,-17.7833,-57.7667,74.28,41,100,2.86,BO,2022-09-16 00:25:04
160,Avarua,-21.2078,-159.775,78.85,65,91,17.27,CK,2022-09-16 00:23:44
161,Damietta,31.4165,31.8133,74.05,59,0,1.5,EG,2022-09-16 00:25:04
162,Marzuq,14.4,46.4667,79.05,51,75,4.5,YE,2022-09-16 00:25:04
163,Meulaboh,4.1363,96.1285,75.76,90,96,3.91,ID,2022-09-16 00:25:05
164,Rosamorada,22.1222,-105.2058,85.35,80,20,6.73,MX,2022-09-16 00:25:05
165,Bambous Virieux,-20.3428,57.7575,70.21,78,40,11.5,MU,2022-09-16 00:25:05
166,Pisco,-13.7,-76.2167,59.05,88,40,5.75,PE,2022-09-16 00:24:50
167,Kalmunai,7.4167,81.8167,77.77,84,86,4.45,LK,2022-09-16 00:25:06
168,Kilindoni,-7.9139,39.6668,75.45,79,33,10.29,TZ,2022-09-16 00:25:06
169,Rapu-Rapu,13.1866,124.1256,82.44,78,99,17.96,PH,2022-09-16 00:25:06
170,Lebu,-37.6167,-73.65,53.2,93,100,13.44,CL,2022-09-16 00:25:07
171,Saint-Philippe,-21.3585,55.7679,67.59,86,45,16.55,RE,2022-09-16 00:25:07
172,Georgetown,5.4112,100.3354,78.73,89,20,2.3,MY,2022-09-16 00:23:38
173,Longyearbyen,78.2186,15.6401,30.04,86,75,2.3,SJ,2022-09-16 00:25:07
174,Drawsko Pomorskie,53.5306,15.8097,49.06,90,14,1.99,PL,2022-09-16 00:25:08
175,Honningsvag,70.9821,25.9704,46.15,87,100,17.27,NO,2022-09-16 00:20:43
176,Hualmay,-11.0964,-77.6139,62.51,80,96,7.07,PE,2022-09-16 00:25:08
177,Dwarka,22.2394,68.9678,80.82,80,70,17.52,IN,2022-09-16 00:22:27
178,Polson,47.6936,-114.1632,69.76,66,93,0.25,US,2022-09-16 00:25:09
179,Fukue,32.6881,128.8419,82.76,78,20,4.61,JP,2022-09-16 00:25:09
180,Gucheng,35.9115,111.3192,72.19,53,10,1.9,CN,2022-09-16 00:25:10
181,Blackfoot,43.1905,-112.345,71.38,38,100,1.72,US,2022-09-16 00:25:10
182,Krotoszyn,51.6987,17.4374,56.55,74,96,12.57,PL,2022-09-16 00:22:40
183,Fatima,39.6207,-8.6524,63.77,94,3,1.23,PT,2022-09-16 00:26:10
184,Gigmoto,13.7796,124.39,82.27,80,100,6.22,PH,2022-09-16 00:26:11
185,La Ronge,55.1001,-105.2842,66.45,45,40,6.91,CA,2022-09-16 00:26:11
186,Yerbogachen,61.2767,108.0108,39.04,90,25,6.2,RU,2022-09-16 00:26:11
187,Aljezur,37.3191,-8.8033,66.47,95,3,3.74,PT,2022-09-16 00:26:12
188,Derzhavinsk,51.1,66.3167,52.36,36,100,13.53,KZ,2022-09-16 00:26:12
189,Tommot,58.9564,126.2925,43.14,70,87,1.74,RU,2022-09-16 00:26:12
190,San Borja,-14.8167,-66.85,61.5,90,100,3.09,BO,2022-09-16 00:26:13
191,Ostrovnoy,68.0531,39.5131,46.83,97,99,9.26,RU,2022-09-16 00:26:14
192,Talavera De La Reina,39.9635,-4.8308,64.92,76,58,4.41,ES,2022-09-16 00:26:14
193,Maunabo,18.0072,-65.8993,84.02,87,100,13.51,PR,2022-09-16 00:26:14
194,Kodiak,57.79,-152.4072,51.31,87,100,0.0,US,2022-09-16 00:22:25
195,Anadyr,64.75,177.4833,45.1,81,75,2.24,RU,2022-09-16 00:26:15
196,Nevelsk,46.6733,141.8633,61.09,62,87,4.32,RU,2022-09-16 00:26:15
197,Muli,2.9167,73.5667,80.47,70,33,2.06,MV,2022-09-16 00:26:15
198,Ossora,59.2353,163.0719,50.25,54,10,17.36,RU,2022-09-16 00:26:16
199,Tuy Hoa,13.0833,109.3,78.57,79,100,10.09,VN,2022-09-16 00:26:16
200,Saint-Augustin,51.226,-58.6502,55.22,71,94,5.23,CA,2022-09-16 00:26:16
201,Sangar,63.9242,127.4739,36.93,81,39,7.74,RU,2022-09-16 00:26:16
202,Hilo,19.7297,-155.09,89.28,80,100,9.22,US,2022-09-16 00:26:17
203,Codrington,-38.2667,141.9667,52.39,91,82,17.83,AU,2022-09-16 00:26:17
204,Aksu,41.1231,80.2644,68.92,27,16,5.48,CN,2022-09-16 00:26:17
205,Los Llanos De Aridane,28.6585,-17.9182,73.15,90,75,18.41,ES,2022-09-16 00:26:17
206,Coahuayana,18.7333,-103.6833,78.35,93,88,3.06,MX,2022-09-16 00:22:04
207,Karpathos,35.507,27.2132,71.56,83,0,11.5,GR,2022-09-16 00:26:18
208,Puerto Escondido,15.85,-97.0667,79.63,61,100,0.0,MX,2022-09-16 00:23:20
209,Cabo San Lucas,22.8909,-109.9124,89.62,74,20,2.3,MX,2022-09-16 00:26:18
210,Mineral Wells,32.8085,-98.1128,84.88,36,0,9.22,US,2022-09-16 00:26:18
211,Bredasdorp,-34.5322,20.0403,54.14,92,84,3.96,ZA,2022-09-16 00:26:19
212,Hirara,24.8,125.2833,82.26,94,75,16.11,JP,2022-09-16 00:26:19
213,Pimentel,-6.8367,-79.9342,63.37,84,41,14.16,PE,2022-09-16 00:26:19
214,Hennebont,47.8051,-3.2734,54.72,85,0,3.44,FR,2022-09-16 00:26:19
215,Villazon,-22.0866,-65.5942,45.57,32,0,10.22,BO,2022-09-16 00:26:20
216,Rancho Mirage,33.7397,-116.4128,95.61,18,0,13.8,US,2022-09-16 00:26:20
217,Ituporanga,-27.4144,-49.6025,53.96,99,79,1.88,BR,2022-09-16 00:26:20
218,Marawi,7.9986,124.2928,73.67,80,100,5.61,PH,2022-09-16 00:26:06
219,Tautira,-17.7333,-149.15,75.83,72,59,21.39,PF,2022-09-16 00:26:21
220,Jasper,37.2001,-94.3502,80.65,53,100,8.05,US,2022-09-16 00:26:21
221,Kiunga,-6.1219,141.2906,84.04,69,81,4.23,PG,2022-09-16 00:26:21
222,Mumford,5.2618,-0.759,75.16,93,100,10.87,GH,2022-09-16 00:26:21
223,Ormara,25.2088,64.6357,79.86,84,63,12.06,PK,2022-09-16 00:26:22
224,Kahului,20.8947,-156.47,93.22,61,75,13.8,US,2022-09-16 00:26:22
225,Umm Lajj,25.0213,37.2685,83.3,64,1,10.42,SA,2022-09-16 00:23:25
226,Osa,57.2829,55.4567,54.64,46,100,11.12,RU,2022-09-16 00:26:22
227,Ninghai,29.2892,121.4247,76.15,86,32,2.84,CN,2022-09-16 00:26:23
228,Tansen,27.8673,83.5467,61.41,97,100,4.29,NP,2022-09-16 00:26:23
229,Rocha,-34.4833,-54.3333,50.77,96,37,6.15,UY,2022-09-16 00:27:23
230,Jalu,29.0331,21.5482,77.14,39,0,6.22,LY,2022-09-16 00:27:24
231,Mao,39.8885,4.2658,73.96,88,0,3.44,ES,2022-09-16 00:27:24
232,Itarema,-2.9248,-39.9167,78.12,80,9,16.67,BR,2022-09-16 00:27:25
233,Oranjemund,-28.55,16.4333,56.5,87,67,3.47,NA,2022-09-16 00:27:25
234,Fallon,39.4735,-118.7774,80.47,16,40,6.91,US,2022-09-16 00:27:25
235,Maun,-19.9833,23.4167,46.36,53,0,1.14,BW,2022-09-16 00:27:25
236,Puerto Ayacucho,5.6639,-67.6236,79.05,83,85,2.82,VE,2022-09-16 00:27:26
237,East London,-33.0153,27.9116,65.39,65,84,6.76,ZA,2022-09-16 00:27:26
238,Hutchinson,38.0608,-97.9298,85.95,40,0,24.16,US,2022-09-16 00:23:51
239,Nalobikha,53.2006,84.6039,36.63,78,76,7.23,RU,2022-09-16 00:27:26
240,Zandvoort,52.3749,4.5341,57.94,90,40,11.5,NL,2022-09-16 00:27:27
241,Berlevag,70.8578,29.0864,46.4,93,100,23.02,NO,2022-09-16 00:27:27
242,Bardiyah,31.7561,25.0865,73.09,62,0,2.37,LY,2022-09-16 00:27:27
243,Naron,43.5167,-8.1528,67.05,88,51,8.7,ES,2022-09-16 00:27:28
244,Nouadhibou,20.931,-17.0347,75.18,69,28,23.02,MR,2022-09-16 00:27:28
245,Lerwick,60.1545,-1.1494,46.4,69,100,27.45,GB,2022-09-16 00:27:28
246,Penzance,50.1186,-5.5371,52.48,66,100,11.81,GB,2022-09-16 00:27:29
247,Shimoni,-4.6476,39.3817,73.08,86,33,10.54,KE,2022-09-16 00:27:29
248,Ranong,9.9658,98.6348,75.13,83,95,9.86,TH,2022-09-16 00:27:29
249,Alofi,-19.0595,-169.9187,82.29,65,75,11.5,NU,2022-09-16 00:27:30
250,Santa Cruz Del Sur,20.7147,-77.9956,82.92,71,95,6.31,CU,2022-09-16 00:27:30
251,Dvinskoy,62.1535,45.1175,48.49,99,100,4.41,RU,2022-09-16 00:27:30
252,Santa Isabel,-23.3156,-46.2214,58.71,94,100,3.33,BR,2022-09-16 00:27:30
253,Mount Gambier,-37.8333,140.7667,51.71,93,40,13.8,AU,2022-09-16 00:27:31
254,Santa Vitoria Do Palmar,-33.5189,-53.3681,53.87,94,11,6.2,BR,2022-09-16 00:27:31
255,Santa Fe,-31.6333,-60.7,64.99,52,0,3.0,AR,2022-09-16 00:23:53
256,Adrar,20.5022,-10.0711,91.06,20,0,11.54,MR,2022-09-16 00:27:31
257,Bonthe,7.5264,-12.505,76.55,90,17,6.51,SL,2022-09-16 00:27:32
258,Geraldton,-28.7667,114.6,57.61,94,100,4.61,AU,2022-09-16 00:27:32
259,Vidra,44.2606,26.1697,76.19,62,100,8.81,RO,2022-09-16 00:27:32
260,Kiama,-34.6833,150.8667,69.39,54,47,11.03,AU,2022-09-16 00:27:32
261,Srednekolymsk,67.45,153.6833,40.01,59,100,4.63,RU,2022-09-16 00:27:33
262,North Platte,41.1239,-100.7654,66.2,76,71,6.55,US,2022-09-16 00:27:33
263,Oksfjord,70.2396,22.3479,48.38,97,100,5.7,NO,2022-09-16 00:27:33
264,Macaubas,-13.0194,-42.6986,76.71,36,5,7.2,BR,2022-09-16 00:27:33
265,Dzaoudzi,-12.7887,45.2699,73.29,88,0,10.36,YT,2022-09-16 00:27:34
266,Komsomolskiy,40.4272,71.7189,63.32,39,0,6.91,UZ,2022-09-16 00:27:34
267,Australind,-33.2667,115.7167,55.29,75,59,6.2,AU,2022-09-16 00:27:34
268,Tawang,27.5833,91.8667,54.0,92,70,1.43,IN,2022-09-16 00:27:34
269,Tiarei,-17.5333,-149.3333,82.42,74,35,23.73,PF,2022-09-16 00:27:35
270,Victoria Point,-27.5833,153.3,69.12,83,88,3.0,AU,2022-09-16 00:27:35
271,Anloga,5.7947,0.8973,76.95,87,99,14.27,GH,2022-09-16 00:27:35
272,Tirau,-37.9833,175.75,60.35,63,58,9.95,NZ,2022-09-16 00:27:36
273,Rodrigues Alves,-7.738,-72.6509,67.1,97,100,6.51,BR,2022-09-16 00:28:36
274,Tra Vinh,9.9347,106.3453,78.37,89,100,7.52,VN,2022-09-16 00:25:33
275,Nelson Bay,-32.7167,152.15,69.1,70,36,7.0,AU,2022-09-16 00:28:36
276,Ponta Do Sol,32.6667,-17.1,77.63,89,8,6.2,PT,2022-09-16 00:28:36
277,Necochea,-38.5473,-58.7368,56.61,57,29,13.76,AR,2022-09-16 00:28:37
278,Arbagar,51.9438,116.2805,46.62,81,100,11.3,RU,2022-09-16 00:28:37
279,Chanute,37.6792,-95.4572,84.31,32,0,8.05,US,2022-09-16 00:28:37
280,Ferme-Neuve,46.7001,-75.4493,46.99,61,68,4.23,CA,2022-09-16 00:28:37
281,Vila Velha,-20.3297,-40.2925,75.15,89,100,5.99,BR,2022-09-16 00:28:38
282,Labuhan,-6.8844,112.2051,78.55,78,100,11.18,ID,2022-09-16 00:25:05
283,Ivybridge,50.3904,-3.9191,53.56,88,50,8.28,GB,2022-09-16 00:28:38
284,Caravelas,-17.7125,-39.2481,72.21,90,0,3.85,BR,2022-09-16 00:28:38
285,Sola,-13.8833,167.55,84.87,74,40,5.75,VU,2022-09-16 00:28:39
286,Guerrero Negro,27.9769,-114.0611,72.97,70,0,20.6,MX,2022-09-16 00:28:39
287,Bengkulu,-3.8004,102.2655,74.97,88,100,4.0,ID,2022-09-16 00:28:39
288,Aksarka,66.5606,67.7975,48.43,74,100,5.86,RU,2022-09-16 00:28:39
289,Watsa,3.0372,29.5355,62.35,98,62,2.82,CD,2022-09-16 00:28:40
290,Ilulissat,69.2167,-51.1,41.02,100,75,1.14,GL,2022-09-16 00:28:40
291,Seoul,37.5683,126.9778,78.4,67,75,10.36,KR,2022-09-16 00:25:41
292,Outram,1.2829,103.8379,80.53,87,75,2.3,MY,2022-09-16 00:28:40
293,Ulaangom,49.9811,92.0667,42.26,66,69,3.56,MN,2022-09-16 00:28:41
294,Dickinson,29.4608,-95.0513,85.12,77,40,14.97,US,2022-09-16 00:28:41
295,Talnakh,69.4865,88.3972,36.21,96,100,16.69,RU,2022-09-16 00:28:42
296,Hovd,48.0056,91.6419,41.61,42,43,3.83,MN,2022-09-16 00:28:42
297,Calabozo,8.9242,-67.4293,81.28,74,94,4.34,VE,2022-09-16 00:28:42
298,Beinamar,8.6698,15.3813,69.15,98,100,3.53,TD,2022-09-16 00:28:42
299,Talara,-4.5772,-81.2719,65.16,82,100,11.5,PE,2022-09-16 00:28:43
300,Nanortalik,60.1432,-45.2371,48.85,82,100,10.25,GL,2022-09-16 00:28:43
301,Gra Liyia,35.0167,25.6833,71.13,63,0,4.0,GR,2022-09-16 00:28:44
302,Mahebourg,-20.4081,57.7,70.25,78,40,11.5,MU,2022-09-16 00:28:44
303,Beringovskiy,63.05,179.3167,43.38,91,100,13.58,RU,2022-09-16 00:28:44
304,Ballina,-28.8667,153.5667,70.79,75,94,11.03,AU,2022-09-16 00:28:45
305,Pachino,36.7186,15.0907,77.02,78,0,13.85,IT,2022-09-16 00:28:45
306,Channel-Port Aux Basques,47.5702,-59.1367,56.61,76,90,24.4,CA,2022-09-16 00:26:35
307,Ahipara,-35.1667,173.1667,57.58,56,24,8.5,NZ,2022-09-16 00:28:45
308,Great Falls,47.5002,-111.3008,74.59,39,20,9.22,US,2022-09-16 00:28:45
309,Worland,44.0169,-107.9554,67.6,59,0,8.05,US,2022-09-16 00:24:20
310,Saldanha,-33.0117,17.9442,57.25,91,18,9.24,ZA,2022-09-16 00:28:46
311,Karasjok,69.4719,25.5112,44.67,98,100,18.99,NO,2022-09-16 00:28:46
312,Tessalit,20.1986,1.0114,92.25,14,40,5.88,ML,2022-09-16 00:28:46
313,Ust-Ilimsk,58.0006,102.6619,37.71,76,16,1.63,RU,2022-09-16 00:28:46
314,Fruitvale,39.0817,-108.4968,78.73,44,0,6.91,US,2022-09-16 00:28:47
315,Temir,49.1414,57.13,57.49,60,61,7.16,KZ,2022-09-16 00:28:47
316,Cherskiy,68.75,161.3,37.72,72,99,5.5,RU,2022-09-16 00:28:47
317,Taoudenni,22.6783,-3.9836,94.78,14,0,9.17,ML,2022-09-16 00:28:48
318,Samarai,-10.6167,150.6667,80.96,83,27,13.82,PG,2022-09-16 00:29:48
319,Gonbad-E Qabus,37.25,55.1672,68.95,81,40,1.54,IR,2022-09-16 00:29:48
320,Carnarvon,-24.8667,113.6333,62.35,64,0,20.78,AU,2022-09-16 00:29:49
321,Fonte Boa,-2.4959,-66.2662,73.67,97,65,4.68,BR,2022-09-16 00:29:49
322,Talawakele,6.9371,80.6581,59.97,84,66,1.66,LK,2022-09-16 00:29:49
323,Novokayakent,42.3937,47.9861,66.49,75,86,9.6,RU,2022-09-16 00:29:49
324,Rawson,-43.3002,-65.1023,66.42,34,100,14.03,AR,2022-09-16 00:29:50
325,Tirumullaivasal,11.2333,79.8333,78.89,84,100,11.5,IN,2022-09-16 00:29:50
326,Egvekinot,66.3167,-179.1667,35.11,88,100,8.41,RU,2022-09-16 00:29:50
327,Borogontsy,62.6683,131.1683,37.38,76,16,9.17,RU,2022-09-16 00:29:51
328,Neuquen,-38.9516,-68.0591,62.49,45,100,0.0,AR,2022-09-16 00:29:51
329,Union,40.6334,-74.2663,71.49,50,0,10.36,US,2022-09-16 00:29:14
330,Tezu,27.9167,96.1667,74.79,98,92,1.25,IN,2022-09-16 00:29:51
331,Aklavik,68.2191,-135.0107,39.33,86,100,5.53,CA,2022-09-16 00:29:52
332,Namibe,-15.1961,12.1522,67.77,85,98,6.69,AO,2022-09-16 00:29:52
333,Calvia,39.5657,2.5062,74.08,62,0,4.23,ES,2022-09-16 00:29:52
334,Thinadhoo,0.5333,72.9333,80.65,70,7,0.98,MV,2022-09-16 00:29:52
335,Ghanzi,-21.5667,21.7833,64.2,29,0,9.28,BW,2022-09-16 00:29:53
336,Mutis,6.2262,-77.4044,78.42,86,67,4.97,CO,2022-09-16 00:29:53
337,Quatis,-22.4072,-44.2581,63.46,96,100,2.86,BR,2022-09-16 00:29:53
338,Mogadouro,41.3403,-6.7119,60.26,75,5,1.63,PT,2022-09-16 00:29:53
339,Karratha,-20.7377,116.8463,75.33,26,1,20.15,AU,2022-09-16 00:29:54
340,Phan Thiet,10.9333,108.1,78.46,84,100,7.94,VN,2022-09-16 00:29:54
341,Gat,31.61,34.7642,73.81,69,0,3.44,IL,2022-09-16 00:27:51
342,Ravne,45.9625,15.0128,61.63,99,82,3.22,SI,2022-09-16 00:29:54
343,Taltal,-25.4,-70.4833,58.66,72,15,2.89,CL,2022-09-16 00:29:54
344,Ritchie,-29.038,24.6028,65.41,35,1,10.74,ZA,2022-09-16 00:29:55
345,Russell,32.3502,-85.1999,78.4,61,0,0.0,US,2022-09-16 00:29:55
346,Brigantine,39.4101,-74.3646,70.02,75,0,0.0,US,2022-09-16 00:29:55
347,Cap Malheureux,-19.9842,57.6142,70.47,69,2,5.99,MU,2022-09-16 00:29:56
348,Clyde River,70.4692,-68.5914,35.83,100,0,3.44,CA,2022-09-16 00:29:56
349,Tevaitoa,-16.7833,-151.5,77.56,75,35,23.69,PF,2022-09-16 00:29:56
350,Kukushtan,57.6464,56.4952,56.82,52,100,8.43,RU,2022-09-16 00:29:56
351,Catalina,32.5056,-110.9211,93.18,27,0,1.99,US,2022-09-16 00:29:57
352,Atambua,-9.1061,124.8925,80.28,57,99,0.6,ID,2022-09-16 00:29:57
353,Ust-Tsilma,65.441,52.1498,48.7,95,100,6.51,RU,2022-09-16 00:29:57
354,Kashi,39.4547,75.9797,70.81,32,20,8.95,CN,2022-09-16 00:29:58
355,Kamaishi,39.2667,141.8833,71.91,74,100,10.22,JP,2022-09-16 00:29:58
356,Alta Floresta,-9.8756,-56.0861,80.42,69,57,4.61,BR,2022-09-16 00:29:58
357,La Palma,33.8464,-118.0467,85.66,62,20,9.22,US,2022-09-16 00:29:58
358,Zhengjiatun,43.5064,123.5064,61.16,86,100,10.47,CN,2022-09-16 00:29:59
359,Nynashamn,58.9034,17.9479,50.11,86,100,13.4,SE,2022-09-16 00:29:59
360,Cartaya,37.2811,-7.1507,70.18,71,73,9.35,ES,2022-09-16 00:30:00
361,Cardston,49.2,-113.3019,73.69,28,48,5.75,CA,2022-09-16 00:25:18
362,Huarmey,-10.0681,-78.1522,62.71,82,76,6.15,PE,2022-09-16 00:31:00
363,Back Mountain,41.3359,-75.9963,56.07,88,0,3.29,US,2022-09-16 00:31:00
364,Diego De Almagro,-26.3667,-70.05,58.51,37,1,1.81,CL,2022-09-16 00:31:01
365,Odweyne,9.4092,45.064,73.11,58,7,16.44,SO,2022-09-16 00:31:01
366,Shibata,37.95,139.3333,80.47,65,75,6.91,JP,2022-09-16 00:31:02
367,Springdale,36.1867,-94.1288,79.83,55,0,4.61,US,2022-09-16 00:29:45
368,Nantucket,41.2835,-70.0995,68.11,40,0,12.66,US,2022-09-16 00:27:48
369,Buarcos,40.166,-8.8768,64.74,90,0,3.71,PT,2022-09-16 00:31:02
370,Normandin,48.8333,-72.5321,48.51,66,100,10.36,CA,2022-09-16 00:31:03
371,Ugoofaaru,5.6667,73.0,80.69,71,12,5.59,MV,2022-09-16 00:31:03
372,Port Lincoln,-34.7333,135.8667,55.27,60,8,27.89,AU,2022-09-16 00:30:40
373,Denpasar,-8.65,115.2167,78.46,88,40,6.91,ID,2022-09-16 00:31:03
374,San Patricio,28.017,-97.5169,87.75,65,7,12.01,US,2022-09-16 00:31:03
375,Staroye Drozhzhanoye,54.7266,47.5677,48.63,92,100,4.81,RU,2022-09-16 00:31:04
376,Bonavista,48.6499,-53.1147,58.91,83,0,16.49,CA,2022-09-16 00:31:04
377,Kikwit,-5.041,18.8162,72.79,85,100,0.74,CD,2022-09-16 00:31:04
378,Hokitika,-42.7167,170.9667,55.04,61,33,10.36,NZ,2022-09-16 00:30:22
379,Wajir,1.7471,40.0573,72.99,68,100,14.76,KE,2022-09-16 00:31:05
380,Port-Gentil,-0.7193,8.7815,76.24,83,100,16.22,GA,2022-09-16 00:31:05
381,Haimen,23.1935,116.6142,80.49,61,3,5.57,CN,2022-09-16 00:31:05
382,Barabinsk,55.3571,78.357,42.75,71,8,3.49,RU,2022-09-16 00:31:06
383,Rock Springs,41.5875,-109.2029,65.23,49,75,10.36,US,2022-09-16 00:29:17
384,Eyrarbakki,63.863,-21.1481,41.05,75,85,4.14,IS,2022-09-16 00:31:06
385,Simao,22.7886,100.9748,67.6,97,96,2.1,CN,2022-09-16 00:31:06
386,Kieta,-6.2167,155.6333,83.93,68,95,3.94,PG,2022-09-16 00:31:07
387,Barmer,25.75,71.3833,80.02,74,26,12.35,IN,2022-09-16 00:31:08
388,Kaeo,-35.1,173.7833,58.32,81,99,6.49,NZ,2022-09-16 00:31:08
389,Xuddur,4.1213,43.8894,70.9,77,82,15.68,SO,2022-09-16 00:31:09
390,Luchegorsk,46.4764,134.2569,63.18,71,100,3.91,RU,2022-09-16 00:31:09
391,Bonham,33.5773,-96.1783,84.67,45,0,6.91,US,2022-09-16 00:31:09
392,Skjervoy,70.0311,20.9714,46.4,88,100,13.62,NO,2022-09-16 00:31:09
393,Margate,51.3813,1.3862,57.87,61,100,4.0,GB,2022-09-16 00:27:23
394,Pokhara,28.2333,83.9833,68.25,93,100,3.53,NP,2022-09-16 00:31:10
395,Saint-Pierre,-21.3393,55.4781,67.68,88,75,25.32,RE,2022-09-16 00:31:10
396,Itoman,26.1247,127.6694,87.82,76,20,14.97,JP,2022-09-16 00:30:02
397,Smithers,54.7804,-127.1743,61.12,55,75,9.22,CA,2022-09-16 00:30:14
398,Hami,42.8,93.45,60.28,31,0,16.24,CN,2022-09-16 00:31:11
399,Vestmannaeyjar,63.4427,-20.2734,49.53,82,51,4.03,IS,2022-09-16 00:31:13
400,Broome,42.2506,-75.833,55.78,85,0,6.91,US,2022-09-16 00:31:13
401,Morant Bay,17.8815,-76.4093,85.62,82,46,6.87,JM,2022-09-16 00:31:14
402,Jiehu,35.5428,118.455,72.93,80,90,9.55,CN,2022-09-16 00:31:14
403,Vostok,46.4856,135.8833,65.16,53,100,1.16,RU,2022-09-16 00:31:15
404,Inyonga,-6.7167,32.0667,66.85,53,29,7.29,TZ,2022-09-16 00:31:16
405,Sidi Ali,36.0998,0.4206,69.21,74,64,6.82,DZ,2022-09-16 00:31:16
406,Port Shepstone,-30.7414,30.455,66.78,90,39,8.37,ZA,2022-09-16 00:31:17
407,Kutum,14.2,24.6667,75.88,63,30,6.06,SD,2022-09-16 00:31:17
408,Evreux,49.0241,1.1508,57.9,88,0,6.91,FR,2022-09-16 00:31:18
409,Otorohanga,-38.1833,175.2,61.32,34,15,5.64,NZ,2022-09-16 00:31:18
410,Palmer,42.1584,-72.3287,58.86,71,20,0.0,US,2022-09-16 00:32:18
411,Soure,-0.7167,-48.5233,81.37,75,100,12.73,BR,2022-09-16 00:32:19
412,Constantine,36.365,6.6147,72.81,88,20,5.75,DZ,2022-09-16 00:32:19
413,Sassari,40.7272,8.5603,74.98,87,56,3.58,IT,2022-09-16 00:32:20
414,Arkhara,49.4212,130.0842,64.51,73,9,8.25,RU,2022-09-16 00:32:20
415,Luderitz,-26.6481,15.1594,62.2,61,5,8.59,NA,2022-09-16 00:32:21
416,Asfi,32.2994,-9.2372,69.8,89,1,8.59,MA,2022-09-16 00:32:21
417,Hawalli,29.2833,47.9972,92.57,38,0,14.0,KW,2022-09-16 00:32:21
418,Dharchula,29.85,80.5333,69.8,89,100,1.66,IN,2022-09-16 00:32:22
419,Teknaf,20.8624,92.3058,77.85,88,88,5.14,BD,2022-09-16 00:32:22
420,Ust-Kan,50.9276,84.761,36.46,90,100,3.18,RU,2022-09-16 00:32:23
421,Semirom,31.4167,51.5667,53.64,30,0,1.86,IR,2022-09-16 00:32:23
422,Brosteni,47.2333,25.7,59.31,95,100,7.27,RO,2022-09-16 00:32:23
423,Petropavlovka,50.6114,105.3196,43.21,90,100,8.46,RU,2022-09-16 00:32:23
424,Dawlatabad,36.4141,64.9053,63.68,17,0,1.5,AF,2022-09-16 00:32:24
425,Chamba,32.5667,76.1333,68.52,83,11,4.7,IN,2022-09-16 00:32:25
426,Vikravandi,12.0333,79.55,78.55,81,100,4.65,IN,2022-09-16 00:32:25
427,Marovoay,-16.1,46.6333,66.33,63,1,6.62,MG,2022-09-16 00:32:25
428,Krasnyy Chikoy,50.3643,108.7512,44.4,96,100,3.8,RU,2022-09-16 00:32:26
429,Cairns,-16.9167,145.7667,85.06,63,0,3.44,AU,2022-09-16 00:32:26
430,Akyab,20.15,92.9,79.21,85,53,5.61,MM,2022-09-16 00:32:27
431,Saraza,8.7356,117.78,80.73,84,100,6.46,PH,2022-09-16 00:32:27
432,Livingstonia,-10.606,34.1063,60.76,72,5,1.28,MW,2022-09-16 00:32:27
433,Lata,40.1629,-8.3327,66.07,95,1,1.86,PT,2022-09-16 00:32:28
434,Roald,62.5833,6.1333,56.16,87,40,16.11,NO,2022-09-16 00:32:28
435,Sao Gabriel Da Cachoeira,-0.1303,-67.0892,73.47,89,96,1.81,BR,2022-09-16 00:32:28
436,Saint-Francois,46.4154,3.9054,58.44,94,0,0.0,FR,2022-09-16 00:27:36
437,Sakhon Nakhon,17.1612,104.1472,78.75,89,75,4.61,TH,2022-09-16 00:32:29
438,Nelson,-41.2833,173.2833,53.58,56,32,8.03,NZ,2022-09-16 00:32:29
439,Rundu,-17.9333,19.7667,61.18,30,0,6.44,NA,2022-09-16 00:32:29
440,Ouallam,14.3188,2.0866,83.53,51,100,8.63,NE,2022-09-16 00:32:29
441,Cockburn Town,21.4612,-71.1419,84.15,77,49,20.02,TC,2022-09-16 00:32:30
442,Ucluelet,48.9329,-125.5528,61.09,81,80,4.0,CA,2022-09-16 00:30:45
443,Vila Franca Do Campo,37.7167,-25.4333,76.19,89,95,12.48,PT,2022-09-16 00:32:31
444,Shubarkuduk,49.1447,56.4872,54.99,63,6,5.77,KZ,2022-09-16 00:32:31
445,Punta Alta,-38.8759,-62.0736,66.13,33,87,22.21,AR,2022-09-16 00:32:31
446,Wanning,18.8003,110.3967,83.82,74,4,7.63,CN,2022-09-16 00:32:32
447,Bata,1.8639,9.7658,76.39,88,100,10.56,GQ,2022-09-16 00:32:32
448,Santander,43.4647,-3.8044,68.47,91,100,14.0,ES,2022-09-16 00:27:45
449,Nyurba,63.2842,118.3319,43.68,72,24,8.77,RU,2022-09-16 00:32:32
450,Fortuna,40.5982,-124.1573,67.08,75,11,5.01,US,2022-09-16 00:30:52
451,Bairnsdale,-37.8333,147.6167,65.17,45,15,4.27,AU,2022-09-16 00:32:32
452,Skibbereen,51.55,-9.2667,55.11,88,35,5.48,IE,2022-09-16 00:32:33
453,Tolaga Bay,-38.3667,178.3,56.28,50,0,10.31,NZ,2022-09-16 00:32:33
454,Grindavik,63.8424,-22.4338,43.27,87,0,1.14,IS,2022-09-16 00:29:15
455,Salinas,36.6777,-121.6555,77.95,61,0,13.8,US,2022-09-16 00:30:40
456,Sosnovo-Ozerskoye,52.5249,111.5418,40.48,83,100,9.89,RU,2022-09-16 00:33:33
457,Klaksvik,62.2266,-6.589,45.52,69,97,25.37,FO,2022-09-16 00:33:34
458,Banjar,-8.19,114.9675,82.67,66,37,5.35,ID,2022-09-16 00:33:34
459,Tairua,-37.0167,175.85,60.08,56,38,11.03,NZ,2022-09-16 00:33:34
460,Poum,-20.2333,164.0167,75.47,70,93,17.34,NC,2022-09-16 00:33:34
461,Visnes,59.3556,5.2242,55.45,82,20,31.07,NO,2022-09-16 00:33:35
462,Tomatlan,19.9333,-105.25,77.02,95,100,1.83,MX,2022-09-16 00:33:35
463,Nouna,12.7333,-3.8667,71.08,91,100,17.83,BF,2022-09-16 00:33:35
464,Wuwei,37.9281,102.6414,61.52,74,100,1.79,CN,2022-09-16 00:33:36
465,Qaqortoq,60.7167,-46.0333,49.87,81,100,0.6,GL,2022-09-16 00:29:13
466,Makakilo City,21.3469,-158.0858,82.72,68,75,12.66,US,2022-09-16 00:33:36
467,San Luis,-33.295,-66.3356,62.15,15,100,11.1,AR,2022-09-16 00:33:37
468,Kuzedeyevo,53.3308,87.2019,41.74,91,81,3.06,RU,2022-09-16 00:33:37
469,Chunhuhub,19.55,-88.6833,78.53,82,100,4.88,MX,2022-09-16 00:33:37
470,Mamlyutka,54.9375,68.5394,45.68,57,1,7.92,KZ,2022-09-16 00:33:37
471,Biak,-0.9131,122.8766,80.76,71,100,5.79,ID,2022-09-16 00:33:38
472,Nosy Varika,-20.5833,48.5333,63.16,93,59,4.05,MG,2022-09-16 00:33:38
473,Joao Pinheiro,-17.7425,-46.1725,81.57,33,86,7.09,BR,2022-09-16 00:31:51
474,Forbes,-33.3833,148.0167,62.01,53,0,10.96,AU,2022-09-16 00:33:39
475,Surgana,20.5667,73.6167,71.19,99,100,2.21,IN,2022-09-16 00:33:39
476,Agadez,19.75,10.25,87.73,14,71,9.6,NE,2022-09-16 00:33:39
477,Dobele,56.625,23.2786,48.25,93,5,10.31,LV,2022-09-16 00:33:40
478,Bonnyville,54.2668,-110.735,67.32,39,0,10.0,CA,2022-09-16 00:31:22
479,Aasiaat,68.7098,-52.8699,37.27,98,100,4.36,GL,2022-09-16 00:33:40
480,Birin,26.8865,88.0718,63.45,91,100,1.81,NP,2022-09-16 00:33:40
481,Mount Isa,-20.7333,139.5,83.97,30,0,9.22,AU,2022-09-16 00:31:24
482,Tera,14.0078,0.7531,79.63,63,100,14.45,NE,2022-09-16 00:33:41
483,Waitati,-45.75,170.5667,46.8,64,94,6.62,NZ,2022-09-16 00:33:42
484,Tara,56.8944,74.371,47.89,73,96,4.12,RU,2022-09-16 00:33:43
485,Omboue,-1.5746,9.2618,74.26,85,100,9.71,GA,2022-09-16 00:33:43
486,Swan Hill,-35.3378,143.5544,58.95,64,88,18.43,AU,2022-09-16 00:30:31
487,Marabba,12.35,32.1833,78.57,75,100,6.26,SD,2022-09-16 00:33:44
488,Ardahan,41.1087,42.7022,45.07,53,6,1.32,TR,2022-09-16 00:33:44
489,Eregli,37.5133,34.0467,60.4,32,0,0.85,TR,2022-09-16 00:33:44
490,Clarence Town,-32.5833,151.7833,70.61,50,0,12.55,AU,2022-09-16 00:33:45
491,Orlik,52.5178,99.825,38.08,91,100,5.1,RU,2022-09-16 00:33:45
492,Mabaruma,8.2,-59.7833,77.41,88,33,3.96,GY,2022-09-16 00:33:45
493,Burns Lake,54.2331,-125.7533,62.02,37,100,8.34,CA,2022-09-16 00:33:45
494,Bulz,46.9167,22.6833,60.04,95,100,13.02,RO,2022-09-16 00:33:46
495,Naryan-Mar,67.6713,53.087,48.38,94,100,8.23,RU,2022-09-16 00:33:46
496,Inongo,-1.95,18.2667,68.23,97,59,3.15,CD,2022-09-16 00:33:46
497,Tadpatri,14.9167,78.0167,75.96,78,100,13.96,IN,2022-09-16 00:33:47
498,San Policarpo,12.1791,125.5072,84.24,71,100,9.31,PH,2022-09-16 00:33:47
499,Gamba,-2.65,10.0,73.6,88,100,9.31,GA,2022-09-16 00:33:48
500,Aquiraz,-3.9014,-38.3911,79.18,81,11,10.67,BR,2022-09-16 00:33:48
501,Sao Filipe,14.8961,-24.4956,78.53,86,21,5.93,CV,2022-09-16 00:33:48
502,Waipawa,-41.4122,175.5153,47.05,77,96,10.0,NZ,2022-09-16 00:33:49
503,Payson,40.0444,-111.7321,76.48,31,75,5.75,US,2022-09-16 00:33:49
504,Jiayuguan,39.8167,98.3,57.06,34,0,3.18,CN,2022-09-16 00:34:49
505,Ler,8.3018,30.1418,70.68,98,100,1.57,SS,2022-09-16 00:34:50
506,Alegrete,-29.7831,-55.7919,57.27,80,47,10.27,BR,2022-09-16 00:34:50
507,Verkhnevilyuysk,63.4453,120.3167,44.35,72,15,8.99,RU,2022-09-16 00:34:50
508,Alice Springs,-23.7,133.8833,69.12,21,0,6.55,AU,2022-09-16 00:34:51
509,Maltahohe,-24.8333,16.9833,71.96,23,100,2.53,NA,2022-09-16 00:34:51
510,Goderich,43.7501,-81.7165,59.32,67,44,4.61,CA,2022-09-16 00:30:40
511,Ambulu,-8.345,113.6058,80.13,74,53,4.68,ID,2022-09-16 00:34:51
512,Jumla,29.2747,82.1838,59.29,97,100,1.28,NP,2022-09-16 00:34:51
513,Santa Rosa,14.3122,121.1114,85.08,78,73,9.6,PH,2022-09-16 00:34:52
514,Kapuskasing,49.4169,-82.4331,44.69,93,100,6.91,CA,2022-09-16 00:34:52
515,Tomigusuku,26.185,127.675,87.57,76,20,14.97,JP,2022-09-16 00:30:08
516,Coffs Harbour,-30.3,153.1333,69.76,64,14,10.36,AU,2022-09-16 00:32:46
517,Krasnyye Baki,57.131,45.1599,44.58,99,51,3.51,RU,2022-09-16 00:34:52
518,Port Moresby,-9.4431,147.1797,85.42,74,75,11.5,PG,2022-09-16 00:34:53
519,Oktyabrskoye,43.0645,44.7417,46.54,100,100,4.47,RU,2022-09-16 00:34:53
520,Oskarshamn,57.2645,16.4484,47.98,84,100,12.03,SE,2022-09-16 00:34:53
521,Mackay,-21.15,149.2,80.69,69,0,11.52,AU,2022-09-16 00:30:45
522,Suibara,37.8333,139.2333,83.86,61,75,11.5,JP,2022-09-16 00:34:54
523,Sioux Lookout,50.1001,-91.917,51.87,93,100,6.91,CA,2022-09-16 00:31:31
524,Honiara,-9.4333,159.95,86.52,60,6,6.29,SB,2022-09-16 00:34:54
525,Trinidad,-14.8333,-64.9,61.27,66,88,4.97,BO,2022-09-16 00:34:54
526,Moundou,8.5667,16.0833,69.85,99,100,3.02,TD,2022-09-16 00:34:55
527,Cabedelo,-6.9811,-34.8339,75.87,80,8,11.65,BR,2022-09-16 00:34:55
528,Dakar,14.6937,-17.4441,79.68,82,5,8.12,SN,2022-09-16 00:31:24
529,Dunedin,-45.8742,170.5036,46.8,64,85,8.01,NZ,2022-09-16 00:34:28
530,Hue,16.4667,107.6,80.71,78,20,2.3,VN,2022-09-16 00:34:55
531,Fortuna Foothills,32.6578,-114.4119,96.28,28,0,9.22,US,2022-09-16 00:31:52
532,Boa Vista,2.8197,-60.6733,84.18,65,20,2.3,BR,2022-09-16 00:34:56
533,Xinzhou,38.4092,112.7333,67.35,62,0,1.88,CN,2022-09-16 00:34:56
534,Souillac,-20.5167,57.5167,70.18,78,40,11.5,MU,2022-09-16 00:34:56
535,Quelimane,-17.8786,36.8883,64.35,94,0,3.44,MZ,2022-09-16 00:34:57
536,Gizo,-8.103,156.8419,82.56,73,22,9.1,SB,2022-09-16 00:34:57
537,Atar,20.5169,-13.0499,91.0,21,0,11.3,MR,2022-09-16 00:34:57
538,Patrocinio,-18.9439,-46.9925,68.34,68,15,4.56,BR,2022-09-16 00:34:58
539,Chapais,49.7834,-74.8492,44.38,68,100,8.75,CA,2022-09-16 00:32:50
540,Ixtapa,20.7,-105.2,85.23,79,100,10.36,MX,2022-09-16 00:34:58
541,Ibra,22.6906,58.5334,79.59,61,52,1.7,OM,2022-09-16 00:34:58
542,Rio Grande City,26.3798,-98.8203,89.01,49,100,11.14,US,2022-09-16 00:30:16
543,Atbasar,51.8,68.3333,46.63,55,100,11.41,KZ,2022-09-16 00:34:59
544,Sur,22.5667,59.5289,86.31,58,67,8.59,OM,2022-09-16 00:34:59
545,Haapiti,-17.5667,-149.8667,82.13,70,73,21.74,PF,2022-09-16 00:34:59
546,Ankang,32.68,109.0172,71.24,72,98,1.07,CN,2022-09-16 00:35:00
547,Tongchuan,35.0806,109.0897,70.7,50,4,3.33,CN,2022-09-16 00:35:00
548,Virginia Beach,36.8529,-75.978,75.02,81,20,3.44,US,2022-09-16 00:35:00
549,Ereymentau,51.6199,73.1033,43.39,72,10,5.73,KZ,2022-09-16 00:35:00
550,Nicoya,10.1483,-85.452,75.52,92,100,1.92,CR,2022-09-16 00:35:01
551,Puerto Gaitan,4.3133,-72.0816,82.74,69,100,5.48,CO,2022-09-16 00:35:01
552,Krasnogorsk,55.8225,37.3181,46.06,100,63,6.71,RU,2022-09-16 00:32:54
553,Agadir,30.4202,-9.5982,70.25,78,0,0.94,MA,2022-09-16 00:36:02
554,Kargopol,61.5071,38.9456,47.75,98,100,6.24,RU,2022-09-16 00:36:02
